"name","subscribers","videoCount","email","latestUpload","channelUrl","youtubeId"
"Casual Finance","381000","198",,"2026-09-25T22:00:35.000Z","https://www.youtube.com/channel/UCrNfRFWnLC3tCy1TnyhVQ7g","UCrNfRFWnLC3tCy1TnyhVQ7g"
"Bille Finance","26000","71",,"2026-09-25T15:30:33.000Z","https://www.youtube.com/channel/UCl42jG0SdOVmXjcy4MazKvw","UCl42jG0SdOVmXjcy4MazKvw"
"J U M O K E   M I  |  Finance Nerd","100000","98",,"2026-09-06T13:23:15.000Z","https://www.youtube.com/channel/UCG3Eptha6hEISzZT7Azymdw","UCG3Eptha6hEISzZT7Azymdw"
"Finance with Anne","47100","103",,"2026-09-20T15:15:18.000Z","https://www.youtube.com/channel/UCgME8sKroxRIRZFS4zNFRZw","UCgME8sKroxRIRZFS4zNFRZw"
"Martik Finance","101000","48",,"2026-09-26T13:30:20.000Z","https://www.youtube.com/channel/UCZjVE44LOvxPyKA-tymFoyQ","UCZjVE44LOvxPyKA-tymFoyQ"
"This is Tech Today","504000","1306",,"2026-09-23T06:23:32.000Z","https://www.youtube.com/channel/UCEAMLkMKtq6YhmaZdUT1ywA","UCEAMLkMKtq6YhmaZdUT1ywA"
"The Tech Chap","1650000","1347",,"2026-09-23T09:00:39.000Z","https://www.youtube.com/channel/UCzlXf-yUIaOpOjEjPrOO9TA","UCzlXf-yUIaOpOjEjPrOO9TA"
"Teoh on Tech","87400","949",,"2026-09-23T01:30:14.000Z","https://www.youtube.com/channel/UCk-UHW1Q5EBJIHB4jHkVTbA","UCk-UHW1Q5EBJIHB4jHkVTbA"
"Trakin Tech","15500000","4628",,"2026-09-23T06:30:37.000Z","https://www.youtube.com/channel/UCEPL07qzVsOcHd3sMUws65g","UCEPL07qzVsOcHd3sMUws65g"
"Tech Enthusiast","123000","387",,"2026-09-23T17:18:20.000Z","https://www.youtube.com/channel/UC6ZVQBJ00cRkZSnbOZEmCkA","UC6ZVQBJ00cRkZSnbOZEmCkA"
"Tech N9ne - Topic","96300","1791",,,"https://www.youtube.com/channel/UCLwidgAHfe33RbVKAaFUtMA","UCLwidgAHfe33RbVKAaFUtMA"
"Technology Connections","3210000","232",,"2026-08-21T17:27:01.000Z","https://www.youtube.com/channel/UCy0tKL1T7wFoYcxCe0xjN6Q","UCy0tKL1T7wFoYcxCe0xjN6Q"
"Tech Tech","70100","883",,"2026-09-22T14:07:03.000Z","https://www.youtube.com/channel/UCWx0Evpjn5knbjwOjTCHV3A","UCWx0Evpjn5knbjwOjTCHV3A"
"Tech Spurt","1390000","2575",,"2026-09-23T13:25:56.000Z","https://www.youtube.com/channel/UCVLN0tY51ewH44wUtx3YZTA","UCVLN0tY51ewH44wUtx3YZTA"